email, senha
0.9770991244167802@mail.com, User@123
0.6230160298187796@mail.com, User@123
0.2934712983171123@mail.com, User@123
0.9718637317235024@mail.com, User@123
0.06555495448554541@mail.com, User@123
0.18147577082354743@mail.com, User@123
0.41280586925034896@mail.com, User@123
0.45860762416458695@mail.com, User@123
0.20657412062413028@mail.com, User@123
0.8209904615303183@mail.com, User@123
0.6500874990678075@mail.com, User@123
0.7118596575838992@mail.com, User@123
0.43398541845305516@mail.com, User@123
0.49224649075249993@mail.com, User@123
0.69878156209358@mail.com, User@123
0.5844610045754279@mail.com, User@123
0.6249782891316494@mail.com, User@123
0.9642764780196494@mail.com, User@123
0.7023743882279699@mail.com, User@123
0.6755174240655654@mail.com, User@123
0.7779748054672039@mail.com, User@123
0.5606105246925607@mail.com, User@123
0.8700077449818511@mail.com, User@123
0.9948577785178908@mail.com, User@123
0.016911963068308698@mail.com, User@123
0.8574533636097218@mail.com, User@123
0.6088642731754094@mail.com, User@123
0.8332866678229609@mail.com, User@123
0.9290941611150018@mail.com, User@123
0.29935713181244955@mail.com, User@123
0.46449043883255586@mail.com, User@123
0.9561156152118073@mail.com, User@123
0.2209422088882371@mail.com, User@123
0.34667793406850655@mail.com, User@123
0.4502322941123199@mail.com, User@123
0.8140853492196567@mail.com, User@123
0.30158450539719195@mail.com, User@123
0.4519573061835593@mail.com, User@123
0.599344164297796@mail.com, User@123
0.6188857678116014@mail.com, User@123
0.98906024573692@mail.com, User@123